{
  "LinearRegression": {
    "rmse": 158.61882104541124,
    "r2": 0.9873679013675533,
    "mae": 97.98753053857781,
    "rmse_cv_mean": 175.19626229308128
  },
  "Ridge": {
    "rmse": 158.51680586269617,
    "r2": 0.9873841447293552,
    "mae": 97.87153411831723,
    "rmse_cv_mean": 175.15569294019207
  },
  "Lasso": {
    "rmse": 158.59857107547774,
    "r2": 0.9873711264991936,
    "mae": 97.9670252901633,
    "rmse_cv_mean": 175.1891573367201
  },
  "RandomForest": {
    "rmse": 9.669758543404281,
    "r2": 0.9999530541364287,
    "mae": 0.7229372171550797,
    "rmse_cv_mean": 16.1370807216106
  },
  "GradientBoosting": {
    "rmse": 0.6423331986540355,
    "r2": 0.9999997928491067,
    "mae": 0.3944285587640391,
    "rmse_cv_mean": 1.928718100856253
  },
  "MLPRegressor": {
    "rmse": 108.26917101403372,
    "r2": 0.9941146039172276,
    "mae": 69.72345290691368,
    "rmse_cv_mean": 128.53457240665125
  },
  "XGBoost": {
    "rmse": 0.4637135130069488,
    "r2": 0.9999998920393287,
    "mae": 0.2636945963338922,
    "rmse_cv_mean": 2.10164393107265
  }
}