{
  "model": {
    "6": "XGBoost",
    "4": "GradientBoosting",
    "3": "RandomForest",
    "5": "MLPRegressor",
    "1": "Ridge",
    "2": "Lasso",
    "0": "LinearRegression"
  },
  "rmse_qty": {
    "6": 0.4637135130069488,
    "4": 0.6423331986540355,
    "3": 9.669758543404281,
    "5": 108.26917101403372,
    "1": 158.51680586269617,
    "2": 158.59857107547774,
    "0": 158.61882104541124
  },
  "r2_qty": {
    "6": 0.9999998920393287,
    "4": 0.9999997928491067,
    "3": 0.9999530541364287,
    "5": 0.9941146039172276,
    "1": 0.9873841447293552,
    "2": 0.9873711264991936,
    "0": 0.9873679013675533
  },
  "optimal_price": {
    "6": 199.0,
    "4": 199.0,
    "3": 199.0,
    "5": 199.0,
    "1": 199.0,
    "2": 199.0,
    "0": 49.9
  },
  "max_revenue": {
    "6": 19869.800498962402,
    "4": 19946.659133258236,
    "3": 19900.0,
    "5": 30078.198423528112,
    "1": 36411.86342319386,
    "2": 52505.14148851624,
    "0": -3884518.2731227395
  }
}